team_id,team_name
291264.0,BetBoom Team
291276.0,Aurora Gaming
291274.0,Team Liquid
291262.0,Aurora Gaming
291270.0,Team Liquid
291272.0,PARIVISION
291260.0,Team Liquid
291258.0,PARIVISION
291268.0,Team Falcons
291266.0,South America Rejects
291256.0,BetBoom Team
291254.0,Team Liquid
291252.0,Aurora Gaming
291250.0,PARIVISION
291200.0,Xtreme Gaming
291198.0,South America Rejects
291196.0,GamerLegion
291194.0,Virtus.pro
291188.0,PARIVISION
291192.0,Xtreme Gaming
291186.0,Team Falcons
291184.0,Team Liquid
291190.0,Team Spirit
291154.0,MOUZ
291142.0,Aurora Gaming
291152.0,Team Yandex
291140.0,BetBoom Team
291150.0,Xtreme Gaming
291148.0,Heroic
291144.0,Team Spirit
291146.0,Team Liquid
291042.0,PARIVISION
291050.0,Tundra Esports
291048.0,Team Yandex
291040.0,Team Spirit
291046.0,MOUZ
291038.0,Team Liquid
291044.0,Vici Gaming
291036.0,Xtreme Gaming
290970.0,Tundra Esports
290968.0,Team Yandex
290966.0,BetBoom Team
290964.0,PARIVISION
290962.0,Aurora Gaming
290960.0,Team Liquid
290958.0,Team Spirit
290956.0,Xtreme Gaming
291265.0,Aurora Gaming
291277.0,Team Falcons
291275.0,Team Falcons
291263.0,BetBoom Team
291271.0,South America Rejects
291273.0,Team Falcons
291261.0,BetBoom Team
291259.0,Aurora Gaming
291269.0,Team Spirit
291267.0,Heroic
291257.0,Team Spirit
291255.0,Team Falcons
291253.0,Heroic
291251.0,South America Rejects
291201.0,Team Spirit
291199.0,MOUZ
291197.0,Heroic
291195.0,MOUZ
291189.0,South America Rejects
291193.0,Vici Gaming
291187.0,GamerLegion
291185.0,Heroic
291191.0,Natus Vincere
291155.0,Tundra Esports
291143.0,PARIVISION
291153.0,Natus Vincere
291141.0,Team Falcons
291151.0,South America Rejects
291149.0,Virtus.pro
291145.0,GamerLegion
291147.0,Vici Gaming
291043.0,Heroic
291051.0,Virtus.pro
291049.0,South America Rejects
291041.0,Team Falcons
291047.0,GamerLegion
291039.0,BetBoom Team
291045.0,Natus Vincere
291037.0,Aurora Gaming
290971.0,Heroic
290969.0,Team Falcons
290967.0,Virtus.pro
290965.0,MOUZ
290963.0,South America Rejects
290961.0,GamerLegion
290959.0,Vici Gaming
290957.0,Natus Vincere
292660.0,PARIVISION
292662.0,1win Team
292656.0,PlayTime
292658.0,1win Team
292652.0,PlayTime
292654.0,REKONIX
292646.0,PlayTime
292644.0,1win Team
292650.0,Nigma Galaxy
292648.0,Tundra Esports
292642.0,PARIVISION
292636.0,Tundra Esports
292640.0,Nigma Galaxy
292638.0,Yellow Submarine
292588.0,L1ga Team
292586.0,1win Team
291992.0,L1ga Team
291990.0,MOUZ
291988.0,Team Nemesis
291986.0,Yellow Submarine
291984.0,Team Nemesis
291982.0,MOUZ
291980.0,Team Nemesis
291978.0,Yellow Submarine
291976.0,Team Nemesis
291974.0,1win Team
291972.0,MOUZ
291970.0,Zero Tenacity
291968.0,MOUZ
291966.0,Nigma Galaxy
291964.0,L1ga Team
291962.0,Nemiga Gaming
291960.0,Nigma Galaxy
291956.0,Yellow Submarine
291958.0,Nemiga Gaming
291954.0,Zero Tenacity
292856.0,Team VeRsuta
292544.0,ПОНЧИКИ
292546.0,ДОМИК ГРЕБЛИ
292240.0,Team Resilience
292242.0,Xtreme Gaming
292244.0,Vici Gaming
292238.0,Xtreme Gaming
292246.0,Vici Gaming
292248.0,Yakult Brothers
291566.0,Cloud Dawning
291562.0,Vici Gaming
291560.0,Xtreme Gaming
291564.0,Roar Gaming
291558.0,Team Refuser
291556.0,Vici Gaming
291552.0,Xtreme Gaming
291554.0,Yakult Brothers
291358.0,Nigma Galaxy
291356.0,1win Team
291354.0,Power Rangers
291360.0,Nigma Galaxy
291352.0,Zero Tenacity
291350.0,Power Rangers
291348.0,Team Lynx
291346.0,Breeki Cheeki
291364.0,Power Rangers
291362.0,Nigma Galaxy
291344.0,South America Rejects
291342.0,Rune Eaters
291340.0,Nemiga Gaming
291338.0,Breeki Cheeki
291332.0,Zero Tenacity
291334.0,Rune Eaters
291336.0,South America Rejects
291330.0,Nigma Galaxy
291134.0,ALIS VENTORUS
291136.0,Zero Tenacity
291138.0,Estar Backs
291132.0,South America Rejects
291126.0,Roar Gaming
291130.0,Rune Eaters
291128.0,MODUS
291124.0,Nigma Galaxy
291122.0,Estar Backs
291118.0,BTC Gaming
291120.0,Breeki Cheeki
291116.0,South America Rejects
291112.0,Power Rangers
291114.0,Zero Tenacity
291108.0,1win Team
291106.0,Nigma Galaxy
291110.0,Team Lynx
291102.0,Roar Gaming
291100.0,Ivory
291104.0,Rune Eaters
291222.0,BTC Gaming
291224.0,Estar Backs
291220.0,South America Rejects
291216.0,Power Rangers
291218.0,ALIS VENTORUS
291214.0,Zero Tenacity
291212.0,Rune Eaters
291210.0,1win Team
291208.0,Nigma Galaxy
291204.0,Ivory
291202.0,Roar Gaming
291206.0,MODUS
291096.0,L1ga Team
291094.0,Zero Tenacity
291098.0,South America Rejects
291090.0,ALIS VENTORUS
291092.0,Estar Backs
291088.0,Breeki Cheeki
291086.0,Roar Gaming
291084.0,Nemiga Gaming
291082.0,Rune Eaters
291076.0,Nigma Galaxy
291080.0,MODUS
291078.0,Team Lynx
291068.0,South America Rejects
291072.0,L1ga Team
291074.0,BTC Gaming
291064.0,Breeki Cheeki
291066.0,Zero Tenacity
291070.0,ALIS VENTORUS
291060.0,1win Team
291062.0,Rune Eaters
291058.0,Nemiga Gaming
291056.0,MODUS
291054.0,Team Lynx
291052.0,Roar Gaming
292661.0,1win Team
292663.0,PlayTime
292657.0,Nigma Galaxy
292659.0,PARIVISION
292653.0,Yellow Submarine
292655.0,Nigma Galaxy
292647.0,PARIVISION
292645.0,REKONIX
292651.0,L1ga Team
292649.0,Yellow Submarine
292643.0,L1ga Team
292637.0,1win Team
292641.0,PlayTime
292639.0,REKONIX
292589.0,MOUZ
292587.0,Team Nemesis
291993.0,Nigma Galaxy
291991.0,PlayTime
291989.0,Zero Tenacity
291987.0,1win Team
291985.0,L1ga Team
291983.0,1win Team
291981.0,REKONIX
291979.0,Nemiga Gaming
291977.0,Nigma Galaxy
291975.0,PlayTime
291973.0,Nemiga Gaming
291971.0,REKONIX
291969.0,Yellow Submarine
291967.0,Zero Tenacity
291965.0,REKONIX
291963.0,PlayTime
291961.0,REKONIX
291957.0,PlayTime
291959.0,1win Team
291955.0,L1ga Team
292857.0,Team BAXA
292545.0,ПУДЖ В КУСТАХ
292547.0,ПЛЯСКИ И ТАНЦЫ
292241.0,Vici Gaming
292243.0,Vici Gaming
292245.0,Yakult Brothers
292239.0,Team Resilience
292247.0,Roar Gaming
292249.0,Cloud Dawning
291567.0,Team Refuser
291563.0,Team Resilience
291561.0,Yakult Brothers
291565.0,Mideng Dreamer
291559.0,Team Resilience
291557.0,Cloud Dawning
291553.0,Roar Gaming
291555.0,Mideng Dreamer
291359.0,South America Rejects
291357.0,South America Rejects
291355.0,South America Rejects
291361.0,1win Team
291353.0,South America Rejects
291351.0,L1ga Team
291349.0,South America Rejects
291347.0,L1ga Team
291365.0,1win Team
291363.0,Zero Tenacity
291345.0,ALIS VENTORUS
291343.0,Team Lynx
291341.0,L1ga Team
291339.0,MODUS
291333.0,Nemiga Gaming
291335.0,Power Rangers
291337.0,1win Team
291331.0,Breeki Cheeki
291135.0,L1ga Team
291137.0,BTC Gaming
291139.0,Power Rangers
291133.0,Breeki Cheeki
291127.0,1win Team
291131.0,Team Lynx
291129.0,Nemiga Gaming
291125.0,Ivory
291123.0,ALIS VENTORUS
291119.0,South America Rejects
291121.0,L1ga Team
291117.0,ALIS VENTORUS
291113.0,L1ga Team
291115.0,Breeki Cheeki
291109.0,Rune Eaters
291107.0,MODUS
291111.0,Nemiga Gaming
291103.0,Team Lynx
291101.0,Nemiga Gaming
291105.0,MODUS
291223.0,ALIS VENTORUS
291225.0,Breeki Cheeki
291221.0,L1ga Team
291217.0,South America Rejects
291219.0,Breeki Cheeki
291215.0,L1ga Team
291213.0,Nemiga Gaming
291211.0,MODUS
291209.0,Team Lynx
291205.0,Rune Eaters
291203.0,Nemiga Gaming
291207.0,Team Lynx
291097.0,BTC Gaming
291095.0,Power Rangers
291099.0,Estar Backs
291091.0,Zero Tenacity
291093.0,BTC Gaming
291089.0,Power Rangers
291087.0,Ivory
291085.0,1win Team
291083.0,Nigma Galaxy
291077.0,1win Team
291081.0,Roar Gaming
291079.0,Ivory
291069.0,Zero Tenacity
291073.0,Estar Backs
291075.0,Power Rangers
291065.0,BTC Gaming
291067.0,Estar Backs
291071.0,Power Rangers
291061.0,Ivory
291063.0,Roar Gaming
291059.0,Nigma Galaxy
291057.0,Ivory
291055.0,1win Team
291053.0,Nigma Galaxy
292914.0,Two Move
292860.0,Team Lynx
292748.0,Team Lynx
292858.0,Power Rangers
292750.0,Rune Eaters
292752.0,Inner Circle
292678.0,Rune Eaters
292680.0,MODUS
292670.0,Two Move
292672.0,Inner Circle
292674.0,Power Rangers
292664.0,Inner Circle
292668.0,MODUS
292666.0,Power Rangers
292398.0,Ilbirs eSports
292394.0,Team Nemesis
292400.0,Team Lynx
292378.0,Team Stels
292396.0,Ilbirs eSports
292392.0,MODUS
292402.0,Team Lynx
292390.0,Inner Circle
292388.0,Enjoy Boys
292386.0,Two Move
292384.0,Power Rangers
292372.0,DOGSENT
292380.0,Rune Eaters
292376.0,DOGSENT
292374.0,Team Nemesis
292382.0,Team Nemesis
292370.0,Team Stels
292368.0,Power Rangers
292366.0,Ilbirs eSports
292364.0,ALIS VENTORUS
292362.0,MODUS
292360.0,Team Stels
292358.0,MODUS
292356.0,Inner Circle
292354.0,MODUS
292352.0,Power Rangers
292350.0,Rune Eaters
292348.0,Inner Circle
292346.0,ALIS VENTORUS
292344.0,Inner Circle
291006.0,Team Lynx
292915.0,Power Rangers
292861.0,Power Rangers
292749.0,Two Move
292859.0,MODUS
292751.0,Power Rangers
292753.0,MODUS
292679.0,Two Move
292681.0,Enjoy Boys
292671.0,Enjoy Boys
292673.0,Team Lynx
292675.0,Team Nemesis
292665.0,Team Nemesis
292669.0,Rune Eaters
292667.0,Team Lynx
292399.0,Two Move
292395.0,Team Lynx
292401.0,MODUS
292379.0,ALIS VENTORUS
292397.0,Team Lynx
292393.0,Team Nemesis
292403.0,DOGSENT
292391.0,Enjoy Boys
292389.0,Power Rangers
292387.0,Team Lynx
292385.0,Team Stels
292373.0,Two Move
292381.0,Power Rangers
292377.0,Team Nemesis
292375.0,Ilbirs eSports
292383.0,Two Move
292371.0,Enjoy Boys
292369.0,Inner Circle
292367.0,DOGSENT
292365.0,Rune Eaters
292363.0,Two Move
292361.0,Rune Eaters
292359.0,Ilbirs eSports
292357.0,ALIS VENTORUS
292355.0,DOGSENT
292353.0,ALIS VENTORUS
292351.0,Enjoy Boys
292349.0,Team Stels
292347.0,Enjoy Boys
292345.0,Rune Eaters
291007.0,Nemiga Gaming
,Nemiga Gaming
295450.0,Power Rangers
295452.0,4ikibamboni
295472.0,Zero Tenacity
295438.0,Flame Esports
295440.0,summer bear
295446.0,4ikibamboni
295432.0,summer bear
295430.0,Flame Esports
295434.0,Zero Tenacity
295436.0,Team Spirit Academy
295198.0,Power Rangers
295192.0,Zero Tenacity
295196.0,Team Spirit Academy
295194.0,VP.Prodigy
294254.0,Flame Esports
294240.0,Power Rangers
294238.0,Flame Esports
294266.0,Flame Esports
294264.0,4ikibamboni
294268.0,Nande+4
294262.0,G-Time
294260.0,Team Spirit Academy
294258.0,Power Rangers
294256.0,summer bear
294252.0,G-Time
294250.0,4ikibamboni
294248.0,Nande+4
294246.0,Ilbirs eSports
294244.0,Balu Team
294242.0,Ilbirs eSports
294236.0,VP.Prodigy
294234.0,Zero Tenacity
294232.0,VP.Prodigy
294230.0,Nande+4
294228.0,summer bear
294226.0,4ikibamboni
294224.0,Hive-
294222.0,Zero Tenacity
294220.0,G-Time
294218.0,Ilbirs eSports
294216.0,Zero Tenacity
294214.0,Balu Team
294212.0,Hive-
294210.0,Balu Team
295451.0,4ikibamboni
295453.0,Zero Tenacity
295473.0,Flame Esports
295439.0,Hive-
295441.0,Zero Tenacity
295447.0,Power Rangers
295433.0,Power Rangers
295431.0,4ikibamboni
295435.0,VP.Prodigy
295437.0,Hive-
295199.0,Hive-
295193.0,Flame Esports
295197.0,summer bear
295195.0,4ikibamboni
294255.0,4ikibamboni
294241.0,Flame Esports
294239.0,Nande+4
294267.0,Team Spirit Academy
294265.0,Team Spirit Academy
294269.0,Ilbirs eSports
294263.0,Hive-
294261.0,Nande+4
294259.0,Team Spirit Academy
294257.0,Hive-
294253.0,VP.Prodigy
294251.0,Power Rangers
294249.0,Power Rangers
294247.0,Flame Esports
294245.0,summer bear
294243.0,Power Rangers
294237.0,Zero Tenacity
294235.0,summer bear
294233.0,Balu Team
294231.0,4ikibamboni
294229.0,VP.Prodigy
294227.0,Ilbirs eSports
294225.0,Zero Tenacity
294223.0,Balu Team
294221.0,summer bear
294219.0,Team Spirit Academy
294217.0,G-Time
294215.0,Hive-
294213.0,VP.Prodigy
294211.0,G-Time
295912.0,LenS Team
295914.0,VooDooSh Team
295910.0,VooDooSh Team
295916.0,ALOHADANCE Team
295920.0,Stray Team
295906.0,VooDooSh Team
295918.0,By_Owl Team
295908.0,LenS Team
295984.0,Stray Team
295982.0,VooDooSh Team
295980.0,Stariy_bog Team
295978.0,Stray Team
295976.0,zxcursed Team
295974.0,zxcursed Team
295968.0,zxcursed Team
295972.0,Stray Team
295970.0,Gorgc Team
295904.0,ALOHADANCE Team
295902.0,By_Owl Team
295900.0,Stariy_bog Team
295913.0,By_Owl Team
295915.0,By_Owl Team
295911.0,LenS Team
295917.0,By_Owl Team
295921.0,ALOHADANCE Team
295907.0,Stray Team
295919.0,Gorgc Team
295909.0,By_Owl Team
295985.0,LenS Team
295983.0,By_Owl Team
295981.0,Gorgc Team
295979.0,Gorgc Team
295977.0,VooDooSh Team
295975.0,ALOHADANCE Team
295969.0,By_Owl Team
295973.0,Stariy_bog Team
295971.0,LenS Team
295905.0,VooDooSh Team
295903.0,ALOHADANCE Team
295901.0,LenS Team
298046.0,Zero Tenacity
298044.0,Team Spirit Academy
298040.0,Level UP
298042.0,Team Syntax
298036.0,Yellow Submarine
298032.0,Nemiga Gaming
298034.0,Rottweilas
298038.0,Zero Tenacity
298030.0,Rune Eaters Arise
298024.0,Level UP
298026.0,Yellow Submarine
298028.0,Zero Tenacity
298047.0,Yellow Submarine
298045.0,Team Syntax
298041.0,Yellow Submarine
298043.0,Rune Eaters Arise
298037.0,Team Spirit Academy
298033.0,Level UP
298035.0,Team Syntax
298039.0,Rune Eaters Arise
298031.0,Team Syntax
298025.0,Team Spirit Academy
298027.0,Nemiga Gaming
298029.0,Rottweilas
298116.0,MEGA
298118.0,2b_team
297474.0,ultimate strike ww
297472.0,MEGA
298258.0,Виндизели
298254.0,Виндизели
298256.0,ЗаНастеньку
298244.0,Виндизели
298248.0,ЗаНастеньку
298246.0,Парижане
298250.0,Фруктоеды
298048.0,Team Spirit Academy
298117.0,ultimate strike ww
298119.0,NoImprove
297475.0,NoImprove
297473.0,2b_team
298259.0,ЗаНастеньку
298255.0,Бумеры
298257.0,Не повезло
298245.0,Грифоны
298249.0,Парагонормальное явление
298247.0,Бумеры
298251.0,Не повезло
298049.0,Yellow Submarine
